epoch,time,train/box_loss,train/cls_loss,train/dfl_loss,metrics/precision(B),metrics/recall(B),metrics/mAP50(B),metrics/mAP50-95(B),val/box_loss,val/cls_loss,val/dfl_loss,lr/pg0,lr/pg1,lr/pg2
1,16.9636,1.29818,4.44801,1.28471,0.00232,0.02976,0.00149,0.00125,1.11622,4.45317,1.23197,0.09703,3e-05,3e-05
2,23.5094,1.33579,4.42579,1.22297,0.00221,0.02976,0.00141,0.00108,1.09898,4.40641,1.20779,0.0930698,6.9769e-05,6.9769e-05
3,28.8257,1.33114,3.96089,1.22533,0.70682,0.22157,0.24031,0.19978,0.97498,6.97532,0.98864,0.0891093,0.000109274,0.000109274
4,35.7815,1.10614,2.17308,1.0253,0.17627,0.42119,0.31261,0.26451,1.12351,4.48751,1.01894,0.0851485,0.000148515,0.000148515
5,42.6512,1.02095,1.38,0.99421,0.65749,0.44434,0.48927,0.40516,1.02309,2.14929,0.928,0.0811875,0.000187492,0.000187492
6,49.4581,1.051,1.30514,1.03096,0.48928,0.16375,0.23188,0.19738,nan,nan,nan,0.0772262,0.000226205,0.000226205
7,55.9315,0.95735,1.18501,0.99469,0,0,0,0,nan,nan,nan,0.0732647,0.000264654,0.000264654
8,62.4348,0.94781,1.1118,0.96423,0,0,0,0,nan,nan,nan,0.0693028,0.000302839,0.000302839
9,69.0104,0.9432,1.0837,0.97351,0,0,0,0,nan,nan,nan,0.0653408,0.00034076,0.00034076
10,75.4911,0.98615,1.08858,1.00008,0,0,0,0,nan,nan,nan,0.0613784,0.000378417,0.000378417
11,81.951,0.99108,1.11834,1.02882,0,0,0,0,nan,nan,nan,0.0574158,0.00041581,0.00041581
12,88.432,0.93748,0.94954,0.93386,0,0,0,0,nan,nan,nan,0.0534529,0.000452939,0.000452939
13,94.9074,0.93936,0.9426,0.95342,0,0,0,0,nan,nan,nan,0.0494898,0.000489804,0.000489804
14,101.436,0.93289,0.89464,0.92175,0.10355,0.02965,0.05857,0.05485,nan,nan,nan,0.0455264,0.000526405,0.000526405
15,107.952,0.89936,0.94626,0.94388,0.1,0.01333,0.05667,0.04533,nan,nan,nan,0.0415627,0.000562742,0.000562742
16,114.407,0.92448,0.91852,0.97726,0.20104,0.04121,0.11047,0.08905,nan,nan,nan,0.0375988,0.000598815,0.000598815
17,120.898,0.9733,0.89326,0.96498,0.00035,0.00833,0.00019,0.00017,nan,nan,nan,0.0336346,0.000634624,0.000634624
18,127.355,0.92298,0.8666,0.97314,0.10126,0.01976,0.054,0.0485,nan,nan,nan,0.0296702,0.000670169,0.000670169
19,133.818,0.88011,0.80397,0.95066,0.05,0.03333,0.03333,0.02667,nan,nan,nan,0.0257055,0.00070545,0.00070545
20,140.279,0.88435,0.81397,0.95815,0.2381,0.17031,0.09295,0.06721,nan,nan,nan,0.0217405,0.000740467,0.000740467
21,146.704,0.86917,0.8105,0.93009,0.60741,0.21308,0.22846,0.16895,nan,nan,nan,0.0177752,0.00077522,0.00077522
22,153.154,0.90401,0.84016,0.95094,0.43673,0.55944,0.43705,0.30767,nan,nan,nan,0.0138097,0.000809709,0.000809709
23,159.671,0.88411,0.74632,0.92885,0.49519,0.66502,0.48887,0.36478,nan,nan,nan,0.00984393,0.000843934,0.000843934
24,166.135,0.89014,0.8692,0.97653,0.39668,0.69593,0.46446,0.34992,nan,nan,nan,0.00587789,0.000877895,0.000877895
25,172.596,0.89311,0.76955,0.94605,0.52254,0.55447,0.42301,0.32495,nan,nan,nan,0.00191159,0.000911592,0.000911592
26,179.074,0.92088,0.8075,0.98602,0.35605,0.63897,0.53622,0.41727,1.00093,2.67241,1.03999,0.0009175,0.0009175,0.0009175
27,185.81,0.97231,0.78231,0.98638,0.69084,0.58908,0.7123,0.54119,0.95307,1.67189,0.9751,0.0009142,0.0009142,0.0009142
28,192.591,0.93536,0.90205,0.99153,0.52813,0.61751,0.61108,0.47425,0.89836,2.12458,0.9629,0.0009109,0.0009109,0.0009109
29,199.043,0.93413,0.75842,0.97257,0.52813,0.61751,0.61108,0.47425,0.89836,2.12458,0.9629,0.0009076,0.0009076,0.0009076
30,205.512,0.89984,0.68237,0.92456,0.62729,0.78437,0.69349,0.55262,0.9268,2.35455,0.97071,0.0009043,0.0009043,0.0009043
31,212.277,0.84726,0.76671,0.9678,0.62923,0.81449,0.7073,0.57821,0.90907,2.41598,0.94831,0.000901,0.000901,0.000901
32,219.03,0.87145,0.71414,0.90144,0.66294,0.78551,0.73529,0.61051,0.90486,1.90755,0.9591,0.0008977,0.0008977,0.0008977
33,225.75,0.92886,0.72914,0.96514,0.72882,0.71675,0.77661,0.628,0.85884,1.74499,0.95275,0.0008944,0.0008944,0.0008944
34,232.48,0.88848,0.70628,0.96342,0.72882,0.71675,0.77661,0.628,0.85884,1.74499,0.95275,0.0008911,0.0008911,0.0008911
35,239.141,0.83656,0.71347,0.93564,0.69974,0.70012,0.77641,0.60692,0.89826,1.57377,0.94493,0.0008878,0.0008878,0.0008878
36,245.644,0.92597,0.76139,0.97735,0.61894,0.75578,0.73509,0.57463,0.86924,1.3603,0.9308,0.0008845,0.0008845,0.0008845
37,252.154,0.96109,0.88165,0.99124,0.63704,0.81435,0.78702,0.61837,0.85811,1.18099,0.92795,0.0008812,0.0008812,0.0008812
38,258.673,0.92736,0.73207,0.9606,0.61038,0.81447,0.79325,0.65001,0.81129,1.31728,0.91858,0.0008779,0.0008779,0.0008779
39,265.337,0.82916,0.68219,0.92657,0.61038,0.81447,0.79325,0.65001,0.81129,1.31728,0.91858,0.0008746,0.0008746,0.0008746
40,272.087,0.92288,0.76092,0.94255,0.66699,0.80957,0.81085,0.66682,0.85151,1.21308,0.9228,0.0008713,0.0008713,0.0008713
41,278.827,0.86824,0.65876,0.94037,0.69104,0.84703,0.83137,0.67512,0.82441,1.00292,0.92348,0.000868,0.000868,0.000868
42,285.596,0.80442,0.65774,0.93593,0.56723,0.88939,0.80551,0.65318,0.87262,1.00629,0.94218,0.0008647,0.0008647,0.0008647
43,292.216,0.81791,0.62438,0.90577,0.72152,0.62749,0.7855,0.65556,0.82801,1.32579,0.91798,0.0008614,0.0008614,0.0008614
44,298.633,0.8083,0.65104,0.89025,0.72152,0.62749,0.7855,0.65556,0.82801,1.32579,0.91798,0.0008581,0.0008581,0.0008581
45,305.11,0.83357,0.66023,0.92308,0.64558,0.86318,0.78744,0.61832,0.83543,1.29473,0.91462,0.0008548,0.0008548,0.0008548
46,311.57,0.85951,0.7167,0.93438,0.76125,0.90194,0.86519,0.66383,0.88186,0.9734,0.91621,0.0008515,0.0008515,0.0008515
47,318.049,0.85327,0.69175,0.92516,0.79544,0.89985,0.8735,0.69636,0.86634,0.80494,0.92223,0.0008482,0.0008482,0.0008482
48,324.814,0.8294,0.71901,0.94278,0.71046,0.85643,0.83651,0.67852,0.83865,0.78942,0.91398,0.0008449,0.0008449,0.0008449
49,331.31,0.78004,0.62326,0.91004,0.71046,0.85643,0.83651,0.67852,0.83865,0.78942,0.91398,0.0008416,0.0008416,0.0008416
50,337.777,0.85083,0.67722,0.94572,0.59543,0.88696,0.8305,0.66419,0.89017,0.9556,0.93246,0.0008383,0.0008383,0.0008383
51,344.314,0.84618,0.65345,0.94217,0.79282,0.71538,0.8195,0.6365,0.83508,0.96863,0.91285,0.000835,0.000835,0.000835
52,350.854,0.88488,0.68767,0.96789,0.77308,0.7256,0.80818,0.64205,0.79937,0.97007,0.89434,0.0008317,0.0008317,0.0008317
53,357.351,0.88712,0.64208,0.91702,0.83593,0.74217,0.82649,0.66858,0.78426,0.9552,0.89048,0.0008284,0.0008284,0.0008284
54,363.779,0.77742,0.68631,0.91076,0.83593,0.74217,0.82649,0.66858,0.78426,0.9552,0.89048,0.0008251,0.0008251,0.0008251
55,370.241,0.80716,0.63353,0.92116,0.80925,0.75011,0.84032,0.67354,0.7702,0.90029,0.8898,0.0008218,0.0008218,0.0008218
56,376.729,0.80278,0.59126,0.91825,0.71007,0.85126,0.87921,0.70082,0.80358,0.85153,0.90171,0.0008185,0.0008185,0.0008185
57,383.449,0.71278,0.5933,0.90901,0.76283,0.75834,0.88575,0.72626,0.8051,0.86115,0.8993,0.0008152,0.0008152,0.0008152
58,390.192,0.75947,0.59904,0.90678,0.79637,0.73692,0.86125,0.69312,0.80318,0.85432,0.8942,0.0008119,0.0008119,0.0008119
59,396.643,0.77559,0.57868,0.89592,0.79637,0.73692,0.86125,0.69312,0.80318,0.85432,0.8942,0.0008086,0.0008086,0.0008086
60,403.073,0.78462,0.56138,0.90672,0.81908,0.75434,0.87112,0.68005,0.93386,0.97011,0.91797,0.0008053,0.0008053,0.0008053
61,409.554,0.7756,0.56501,0.88706,0.79138,0.76178,0.86298,0.69623,0.90964,0.97975,0.91248,0.000802,0.000802,0.000802
62,416.066,0.81287,0.58093,0.88461,0.73657,0.89694,0.89782,0.75511,0.80478,0.85275,0.89297,0.0007987,0.0007987,0.0007987
63,422.756,0.77194,0.55538,0.88271,0.8084,0.85324,0.88964,0.73076,0.82172,0.785,0.89453,0.0007954,0.0007954,0.0007954
64,429.225,0.7771,0.58499,0.89553,0.8084,0.85324,0.88964,0.73076,0.82172,0.785,0.89453,0.0007921,0.0007921,0.0007921
65,435.812,0.7562,0.60372,0.92088,0.76313,0.88363,0.89936,0.71187,0.89143,0.77792,0.91613,0.0007888,0.0007888,0.0007888
66,442.291,0.74631,0.55054,0.89601,0.7005,0.90318,0.90237,0.7105,0.88442,0.74992,0.91091,0.0007855,0.0007855,0.0007855
67,448.892,0.78004,0.57703,0.91812,0.8858,0.76551,0.91408,0.74826,0.82101,0.73279,0.89178,0.0007822,0.0007822,0.0007822
68,455.417,0.73504,0.56489,0.91707,0.83564,0.79978,0.91953,0.73835,0.79527,0.68493,0.88399,0.0007789,0.0007789,0.0007789
69,461.912,0.78575,0.61207,0.92044,0.83564,0.79978,0.91953,0.73835,0.79527,0.68493,0.88399,0.0007756,0.0007756,0.0007756
70,468.438,0.74699,0.51337,0.87178,0.81812,0.75756,0.84039,0.67886,0.85991,0.7571,0.90338,0.0007723,0.0007723,0.0007723
71,474.914,0.77601,0.64821,0.91538,0.81229,0.76182,0.83867,0.67972,0.84789,0.76706,0.90567,0.000769,0.000769,0.000769
72,481.481,0.76324,0.59202,0.92269,0.80682,0.77317,0.83754,0.6774,0.81643,0.70946,0.90052,0.0007657,0.0007657,0.0007657
73,488,0.73203,0.53503,0.89627,0.72978,0.82056,0.79415,0.64589,0.8028,0.66406,0.89777,0.0007624,0.0007624,0.0007624
74,494.419,0.78016,0.572,0.89605,0.72978,0.82056,0.79415,0.64589,0.8028,0.66406,0.89777,0.0007591,0.0007591,0.0007591
75,500.897,0.76367,0.59482,0.88515,0.78154,0.85389,0.84945,0.67921,0.81544,0.65932,0.89932,0.0007558,0.0007558,0.0007558
76,507.362,0.75801,0.55892,0.91271,0.8827,0.77557,0.85765,0.71338,0.76326,0.60605,0.88513,0.0007525,0.0007525,0.0007525
77,513.955,0.75196,0.53038,0.90858,0.78112,0.79217,0.85731,0.70906,0.7934,0.60697,0.8962,0.0007492,0.0007492,0.0007492
78,520.44,0.79977,0.57404,0.90335,0.75965,0.81477,0.81008,0.67864,0.80382,0.66272,0.9068,0.0007459,0.0007459,0.0007459
79,526.831,0.75926,0.56311,0.89988,0.75965,0.81477,0.81008,0.67864,0.80382,0.66272,0.9068,0.0007426,0.0007426,0.0007426
80,533.317,0.74556,0.50521,0.8797,0.77131,0.82613,0.8513,0.70643,0.81736,0.67302,0.90493,0.0007393,0.0007393,0.0007393
81,539.842,0.69506,0.47534,0.88548,0.75365,0.85683,0.87856,0.71474,0.81373,0.62766,0.89857,0.000736,0.000736,0.000736
82,546.379,0.71822,0.52376,0.88565,0.74883,0.87816,0.89444,0.7191,0.8068,0.60383,0.88677,0.0007327,0.0007327,0.0007327
83,552.848,0.72487,0.52179,0.89435,0.6881,0.92034,0.86308,0.70178,0.80199,0.66257,0.88736,0.0007294,0.0007294,0.0007294
84,559.304,0.6935,0.46549,0.86364,0.6881,0.92034,0.86308,0.70178,0.80199,0.66257,0.88736,0.0007261,0.0007261,0.0007261
85,565.819,0.67262,0.49868,0.87687,0.67236,0.89236,0.85085,0.69997,0.79178,0.67372,0.88874,0.0007228,0.0007228,0.0007228
86,572.303,0.71005,0.4998,0.89118,0.80512,0.82731,0.85317,0.69968,0.81134,0.68429,0.90454,0.0007195,0.0007195,0.0007195
87,578.8,0.76004,0.5536,0.89608,0.70312,0.91833,0.89955,0.72523,0.82274,0.65095,0.90859,0.0007162,0.0007162,0.0007162
88,585.279,0.70672,0.50725,0.8568,0.72714,0.91875,0.91534,0.76352,0.80153,0.67107,0.89826,0.0007129,0.0007129,0.0007129
89,591.978,0.79378,0.5701,0.91689,0.72714,0.91875,0.91534,0.76352,0.80153,0.67107,0.89826,0.0007096,0.0007096,0.0007096
90,598.661,0.69146,0.48516,0.8751,0.75338,0.91642,0.89538,0.74427,0.78902,0.65697,0.88836,0.0007063,0.0007063,0.0007063
91,605.094,0.64764,0.47238,0.8649,0.79587,0.78743,0.85828,0.69272,0.81277,0.70143,0.89643,0.000703,0.000703,0.000703
92,611.584,0.67413,0.49318,0.87799,0.82273,0.78432,0.85326,0.69734,0.82222,0.72711,0.89456,0.0006997,0.0006997,0.0006997
93,618.013,0.75144,0.51556,0.8737,0.81891,0.82002,0.88021,0.72161,0.79424,0.72641,0.88375,0.0006964,0.0006964,0.0006964
94,624.45,0.70723,0.50035,0.89949,0.81891,0.82002,0.88021,0.72161,0.79424,0.72641,0.88375,0.0006931,0.0006931,0.0006931
95,630.939,0.73462,0.48769,0.87521,0.84295,0.82459,0.92793,0.79421,0.76392,0.66511,0.88033,0.0006898,0.0006898,0.0006898
96,637.599,0.73984,0.50363,0.89123,0.83494,0.82157,0.92138,0.77057,0.79316,0.66084,0.88679,0.0006865,0.0006865,0.0006865
97,644.046,0.71699,0.48871,0.89574,0.83558,0.79278,0.89592,0.75609,0.80865,0.66872,0.88768,0.0006832,0.0006832,0.0006832
98,650.483,0.76119,0.57018,0.92127,0.8348,0.84646,0.86566,0.73609,0.7667,0.64202,0.87826,0.0006799,0.0006799,0.0006799
99,656.879,0.72308,0.47484,0.88024,0.8348,0.84646,0.86566,0.73609,0.7667,0.64202,0.87826,0.0006766,0.0006766,0.0006766
100,663.312,0.69554,0.51781,0.90547,0.83319,0.82932,0.87563,0.73587,0.8033,0.64818,0.89088,0.0006733,0.0006733,0.0006733
101,669.747,0.72926,0.55931,0.91036,0.81008,0.83245,0.87594,0.7181,0.80531,0.65556,0.89083,0.00067,0.00067,0.00067
102,676.19,0.68967,0.46098,0.85919,0.78425,0.86872,0.87333,0.71909,0.81632,0.65079,0.89361,0.0006667,0.0006667,0.0006667
103,682.642,0.69961,0.48696,0.8754,0.74758,0.85806,0.8797,0.71673,0.81481,0.62857,0.89845,0.0006634,0.0006634,0.0006634
104,689.103,0.72565,0.50407,0.87383,0.74758,0.85806,0.8797,0.71673,0.81481,0.62857,0.89845,0.0006601,0.0006601,0.0006601
105,695.54,0.70553,0.54922,0.90865,0.78819,0.85566,0.8769,0.72057,0.78523,0.66407,0.89127,0.0006568,0.0006568,0.0006568
106,701.973,0.69234,0.50486,0.87206,0.81972,0.80412,0.86754,0.7208,0.77794,0.64684,0.89095,0.0006535,0.0006535,0.0006535
107,708.447,0.71168,0.51155,0.89203,0.83238,0.80476,0.86879,0.71795,0.78596,0.6482,0.89327,0.0006502,0.0006502,0.0006502
108,714.911,0.66659,0.45114,0.8762,0.86829,0.79369,0.8531,0.68981,0.79181,0.62766,0.89236,0.0006469,0.0006469,0.0006469
109,721.336,0.72245,0.47269,0.88699,0.86829,0.79369,0.8531,0.68981,0.79181,0.62766,0.89236,0.0006436,0.0006436,0.0006436
110,727.787,0.71202,0.50195,0.88293,0.83432,0.78824,0.86601,0.70643,0.78689,0.60126,0.88943,0.0006403,0.0006403,0.0006403
111,734.224,0.75547,0.52396,0.88562,0.6984,0.92319,0.8986,0.74587,0.77623,0.56478,0.88431,0.000637,0.000637,0.000637
112,740.688,0.68665,0.46967,0.88738,0.85164,0.85374,0.92085,0.76072,0.77887,0.54744,0.88598,0.0006337,0.0006337,0.0006337
113,747.126,0.67787,0.44933,0.85736,0.78792,0.85873,0.90547,0.74061,0.79289,0.58847,0.88959,0.0006304,0.0006304,0.0006304
114,753.546,0.70743,0.47362,0.86531,0.78792,0.85873,0.90547,0.74061,0.79289,0.58847,0.88959,0.0006271,0.0006271,0.0006271
115,759.976,0.65754,0.46745,0.88195,0.81776,0.80594,0.88903,0.7366,0.78728,0.65586,0.88657,0.0006238,0.0006238,0.0006238
116,766.463,0.6606,0.44069,0.8669,0.79177,0.78761,0.8919,0.74062,0.78138,0.6917,0.88811,0.0006205,0.0006205,0.0006205
117,772.936,0.69223,0.46117,0.87514,0.78608,0.7933,0.84288,0.69556,0.79636,0.7215,0.89581,0.0006172,0.0006172,0.0006172
118,779.397,0.70528,0.47748,0.89763,0.83342,0.78542,0.86554,0.71528,0.77753,0.70216,0.89019,0.0006139,0.0006139,0.0006139
119,785.823,0.67746,0.44443,0.87925,0.83342,0.78542,0.86554,0.71528,0.77753,0.70216,0.89019,0.0006106,0.0006106,0.0006106
120,792.264,0.72458,0.50565,0.88654,0.82657,0.80039,0.87385,0.71247,0.7819,0.66861,0.89066,0.0006073,0.0006073,0.0006073
121,798.768,0.64477,0.45025,0.85394,0.83349,0.80224,0.88247,0.72567,0.80015,0.63842,0.89524,0.000604,0.000604,0.000604
122,805.222,0.64828,0.43129,0.87163,0.83456,0.80733,0.85372,0.69635,0.80496,0.64894,0.89019,0.0006007,0.0006007,0.0006007
123,811.738,0.70861,0.44654,0.87589,0.84176,0.81062,0.85486,0.71355,0.77961,0.6361,0.88297,0.0005974,0.0005974,0.0005974
124,818.173,0.68761,0.43149,0.8606,0.84176,0.81062,0.85486,0.71355,0.77961,0.6361,0.88297,0.0005941,0.0005941,0.0005941
125,824.629,0.69695,0.4628,0.85876,0.86819,0.82274,0.85747,0.71573,0.75838,0.58726,0.8748,0.0005908,0.0005908,0.0005908
126,831.139,0.69112,0.44828,0.85562,0.70878,0.91679,0.90155,0.75191,0.74218,0.54606,0.87394,0.0005875,0.0005875,0.0005875
127,837.602,0.68214,0.43813,0.85922,0.80295,0.92547,0.92091,0.76816,0.80352,0.53433,0.88493,0.0005842,0.0005842,0.0005842
128,844.065,0.62823,0.42798,0.8691,0.83489,0.90631,0.92757,0.77532,0.81066,0.53188,0.88898,0.0005809,0.0005809,0.0005809
129,850.485,0.69622,0.47791,0.87543,0.83489,0.90631,0.92757,0.77532,0.81066,0.53188,0.88898,0.0005776,0.0005776,0.0005776
130,856.932,0.6769,0.49024,0.90873,0.8385,0.92042,0.92417,0.76411,0.77897,0.5493,0.8844,0.0005743,0.0005743,0.0005743
131,863.416,0.67134,0.43402,0.89323,0.73892,0.94476,0.91387,0.75316,0.76095,0.59206,0.88347,0.000571,0.000571,0.000571
132,869.839,0.67543,0.46153,0.89031,0.85186,0.8136,0.88761,0.74767,0.76063,0.69581,0.8794,0.0005677,0.0005677,0.0005677
133,876.284,0.64645,0.4395,0.86504,0.83792,0.81198,0.88302,0.72962,0.75613,0.73168,0.87878,0.0005644,0.0005644,0.0005644
134,882.704,0.63127,0.40348,0.83802,0.83792,0.81198,0.88302,0.72962,0.75613,0.73168,0.87878,0.0005611,0.0005611,0.0005611
135,889.153,0.62925,0.43766,0.86379,0.83285,0.82418,0.88561,0.745,0.74773,0.71552,0.88518,0.0005578,0.0005578,0.0005578
136,895.602,0.63815,0.41763,0.85518,0.84044,0.82876,0.86991,0.74129,0.70468,0.66567,0.88008,0.0005545,0.0005545,0.0005545
137,902.033,0.68736,0.4513,0.86613,0.8376,0.84189,0.87583,0.73747,0.71092,0.64665,0.87859,0.0005512,0.0005512,0.0005512
138,908.514,0.6523,0.4838,0.87975,0.83506,0.82915,0.8683,0.72467,0.73324,0.62304,0.88069,0.0005479,0.0005479,0.0005479
139,914.892,0.65517,0.43532,0.86074,0.83506,0.82915,0.8683,0.72467,0.73324,0.62304,0.88069,0.0005446,0.0005446,0.0005446
140,921.338,0.66152,0.43838,0.88426,0.86427,0.7736,0.88549,0.73568,0.7572,0.63877,0.88122,0.0005413,0.0005413,0.0005413
141,927.804,0.66761,0.4371,0.85898,0.86976,0.81242,0.89962,0.73857,0.78731,0.62547,0.8821,0.000538,0.000538,0.000538
142,934.318,0.64633,0.41639,0.86592,0.84322,0.84233,0.90251,0.75241,0.78661,0.60654,0.88424,0.0005347,0.0005347,0.0005347
143,940.881,0.65772,0.42779,0.8558,0.84455,0.90191,0.92636,0.78755,0.75713,0.59879,0.88529,0.0005314,0.0005314,0.0005314
144,947.34,0.65284,0.43878,0.89238,0.84455,0.90191,0.92636,0.78755,0.75713,0.59879,0.88529,0.0005281,0.0005281,0.0005281
145,953.823,0.63378,0.41662,0.84503,0.82441,0.88637,0.91741,0.78484,0.76536,0.68215,0.88425,0.0005248,0.0005248,0.0005248
146,960.304,0.61427,0.45033,0.86924,0.78951,0.88489,0.8773,0.75049,0.78871,0.75491,0.88632,0.0005215,0.0005215,0.0005215
147,966.774,0.68059,0.45791,0.89704,0.74571,0.89291,0.86195,0.71813,0.79578,0.69093,0.89074,0.0005182,0.0005182,0.0005182
148,973.241,0.59707,0.39865,0.8585,0.70838,0.9044,0.86926,0.72036,0.7938,0.63509,0.89133,0.0005149,0.0005149,0.0005149
149,979.63,0.63755,0.44042,0.86086,0.70838,0.9044,0.86926,0.72036,0.7938,0.63509,0.89133,0.0005116,0.0005116,0.0005116
150,986.06,0.58717,0.3996,0.84818,0.7859,0.89159,0.89209,0.74369,0.77997,0.60631,0.88433,0.0005083,0.0005083,0.0005083
151,992.596,0.61445,0.39617,0.86083,0.86312,0.87032,0.89978,0.75778,0.77232,0.57472,0.88255,0.000505,0.000505,0.000505
152,999.033,0.62401,0.42808,0.87361,0.90744,0.88287,0.95739,0.81779,0.77681,0.54466,0.88493,0.0005017,0.0005017,0.0005017
153,1005.74,0.65732,0.4695,0.88604,0.82524,0.90486,0.94502,0.79734,0.78802,0.54992,0.88474,0.0004984,0.0004984,0.0004984
154,1012.18,0.66732,0.46158,0.86528,0.82524,0.90486,0.94502,0.79734,0.78802,0.54992,0.88474,0.0004951,0.0004951,0.0004951
155,1018.67,0.65758,0.4345,0.87037,0.80216,0.91907,0.92335,0.77317,0.78565,0.59407,0.88626,0.0004918,0.0004918,0.0004918
156,1025.24,0.61121,0.39734,0.86785,0.83575,0.89389,0.92684,0.77989,0.76358,0.61073,0.88085,0.0004885,0.0004885,0.0004885
157,1031.74,0.62107,0.41607,0.86583,0.81545,0.85348,0.90604,0.76815,0.74214,0.64853,0.87764,0.0004852,0.0004852,0.0004852
158,1038.2,0.65968,0.44101,0.87733,0.85482,0.84474,0.90291,0.7671,0.74109,0.65204,0.87596,0.0004819,0.0004819,0.0004819
159,1044.62,0.63489,0.41198,0.85176,0.85482,0.84474,0.90291,0.7671,0.74109,0.65204,0.87596,0.0004786,0.0004786,0.0004786
160,1051.11,0.62317,0.40565,0.86047,0.85242,0.89162,0.93496,0.79738,0.74247,0.64739,0.8744,0.0004753,0.0004753,0.0004753
161,1057.57,0.61351,0.40392,0.84772,0.78816,0.90198,0.91531,0.75575,0.80265,0.64171,0.88424,0.000472,0.000472,0.000472
162,1064.03,0.64986,0.43474,0.86205,0.84863,0.80223,0.8999,0.73222,0.8284,0.63738,0.88986,0.0004687,0.0004687,0.0004687
163,1070.5,0.66049,0.44263,0.8762,0.73139,0.8946,0.91987,0.75244,0.80967,0.63021,0.88407,0.0004654,0.0004654,0.0004654
164,1076.93,0.59334,0.38522,0.83955,0.73139,0.8946,0.91987,0.75244,0.80967,0.63021,0.88407,0.0004621,0.0004621,0.0004621
165,1083.42,0.63502,0.44871,0.86256,0.74521,0.89313,0.92508,0.77452,0.77511,0.6168,0.88063,0.0004588,0.0004588,0.0004588
166,1089.88,0.67331,0.45054,0.87461,0.83654,0.81822,0.92707,0.78154,0.75232,0.63695,0.87658,0.0004555,0.0004555,0.0004555
167,1096.39,0.60605,0.39346,0.85803,0.84685,0.79605,0.87647,0.73763,0.76126,0.67702,0.88292,0.0004522,0.0004522,0.0004522
168,1102.92,0.58499,0.39696,0.84645,0.84334,0.78101,0.86052,0.7085,0.78443,0.72077,0.8894,0.0004489,0.0004489,0.0004489
169,1109.4,0.5913,0.38322,0.84194,0.84334,0.78101,0.86052,0.7085,0.78443,0.72077,0.8894,0.0004456,0.0004456,0.0004456
170,1115.93,0.62793,0.42267,0.87411,0.82804,0.7921,0.89447,0.74763,0.78147,0.73591,0.88821,0.0004423,0.0004423,0.0004423
171,1122.45,0.59699,0.38612,0.84917,0.8584,0.7949,0.90413,0.75592,0.7737,0.68847,0.88487,0.000439,0.000439,0.000439
172,1128.96,0.59463,0.39922,0.84399,0.72891,0.90116,0.92509,0.77086,0.76205,0.66306,0.88865,0.0004357,0.0004357,0.0004357
173,1135.45,0.58274,0.37594,0.85719,0.77864,0.90737,0.9372,0.79837,0.78907,0.67539,0.89588,0.0004324,0.0004324,0.0004324
174,1141.94,0.60492,0.39818,0.85028,0.77864,0.90737,0.9372,0.79837,0.78907,0.67539,0.89588,0.0004291,0.0004291,0.0004291
175,1148.58,0.55982,0.36646,0.84474,0.79813,0.91511,0.94554,0.80121,0.80672,0.66906,0.90117,0.0004258,0.0004258,0.0004258
176,1155.06,0.55772,0.36166,0.85003,0.82639,0.89712,0.94574,0.80194,0.76913,0.61747,0.89156,0.0004225,0.0004225,0.0004225
177,1161.54,0.58299,0.38926,0.86338,0.83615,0.88784,0.95175,0.81323,0.74685,0.60603,0.88258,0.0004192,0.0004192,0.0004192
178,1167.99,0.61913,0.40883,0.85595,0.84829,0.88763,0.94174,0.78773,0.74096,0.58758,0.88152,0.0004159,0.0004159,0.0004159
179,1174.41,0.62965,0.41373,0.86182,0.84829,0.88763,0.94174,0.78773,0.74096,0.58758,0.88152,0.0004126,0.0004126,0.0004126
180,1180.92,0.5981,0.38411,0.83252,0.84536,0.8883,0.93142,0.77802,0.74004,0.5682,0.88335,0.0004093,0.0004093,0.0004093
181,1187.4,0.55942,0.35693,0.8328,0.84324,0.89691,0.92266,0.77161,0.75811,0.54793,0.8858,0.000406,0.000406,0.000406
182,1193.88,0.61598,0.38529,0.85016,0.83192,0.89419,0.92993,0.77102,0.7744,0.56998,0.89049,0.0004027,0.0004027,0.0004027
183,1200.34,0.62314,0.4042,0.87558,0.84996,0.87742,0.91599,0.75897,0.76749,0.56361,0.88847,0.0003994,0.0003994,0.0003994
184,1206.75,0.55895,0.38756,0.84041,0.84996,0.87742,0.91599,0.75897,0.76749,0.56361,0.88847,0.0003961,0.0003961,0.0003961
185,1213.2,0.63107,0.40755,0.86108,0.80932,0.91164,0.91929,0.76825,0.75514,0.54557,0.88412,0.0003928,0.0003928,0.0003928
186,1219.71,0.57199,0.369,0.83475,0.79429,0.94941,0.88397,0.73398,0.73809,0.52775,0.8824,0.0003895,0.0003895,0.0003895
187,1226.2,0.5921,0.36661,0.84662,0.82324,0.91462,0.87346,0.72353,0.73409,0.52128,0.88363,0.0003862,0.0003862,0.0003862
188,1232.68,0.5686,0.3827,0.83702,0.82077,0.91473,0.87603,0.73306,0.72572,0.52063,0.8832,0.0003829,0.0003829,0.0003829
189,1239.1,0.58499,0.39306,0.84947,0.82077,0.91473,0.87603,0.73306,0.72572,0.52063,0.8832,0.0003796,0.0003796,0.0003796
190,1245.55,0.58129,0.37768,0.85709,0.82039,0.87367,0.90789,0.77098,0.7382,0.54162,0.88775,0.0003763,0.0003763,0.0003763
191,1251.99,0.61652,0.38958,0.88495,0.83489,0.86631,0.90326,0.76956,0.73643,0.55245,0.88791,0.000373,0.000373,0.000373
192,1258.47,0.61682,0.41486,0.85388,0.84301,0.86148,0.90297,0.7653,0.74095,0.56353,0.88712,0.0003697,0.0003697,0.0003697
193,1264.97,0.57103,0.38286,0.8329,0.84648,0.86177,0.91466,0.76933,0.74895,0.55318,0.88406,0.0003664,0.0003664,0.0003664
194,1271.37,0.58584,0.35961,0.87472,0.84648,0.86177,0.91466,0.76933,0.74895,0.55318,0.88406,0.0003631,0.0003631,0.0003631
195,1277.82,0.52581,0.3681,0.83175,0.84334,0.86737,0.91441,0.7549,0.75449,0.54246,0.88061,0.0003598,0.0003598,0.0003598
196,1284.26,0.58523,0.35893,0.86534,0.83916,0.86736,0.914,0.76402,0.75691,0.54513,0.87681,0.0003565,0.0003565,0.0003565
197,1290.75,0.59281,0.36973,0.83501,0.83576,0.88015,0.92839,0.77336,0.76621,0.56142,0.87794,0.0003532,0.0003532,0.0003532
198,1297.21,0.59383,0.38509,0.85547,0.82113,0.88524,0.91414,0.76277,0.76617,0.56867,0.878,0.0003499,0.0003499,0.0003499
199,1303.64,0.57105,0.35313,0.84158,0.82113,0.88524,0.91414,0.76277,0.76617,0.56867,0.878,0.0003466,0.0003466,0.0003466
200,1310.14,0.60246,0.37422,0.83913,0.79082,0.91021,0.91267,0.76709,0.74122,0.57127,0.87346,0.0003433,0.0003433,0.0003433
201,1316.65,0.58925,0.39361,0.85984,0.82399,0.88119,0.91307,0.78068,0.7271,0.57357,0.869,0.00034,0.00034,0.00034
202,1323.08,0.60418,0.38663,0.86482,0.8131,0.89556,0.91327,0.77006,0.72435,0.58307,0.87088,0.0003367,0.0003367,0.0003367
203,1329.54,0.61971,0.38546,0.85116,0.80905,0.89716,0.91504,0.76831,0.73769,0.57858,0.87434,0.0003334,0.0003334,0.0003334
204,1335.95,0.61341,0.37904,0.85335,0.80905,0.89716,0.91504,0.76831,0.73769,0.57858,0.87434,0.0003301,0.0003301,0.0003301
205,1342.4,0.56707,0.37308,0.85997,0.82074,0.89024,0.9092,0.76156,0.74892,0.57472,0.87378,0.0003268,0.0003268,0.0003268
206,1348.84,0.57444,0.37078,0.84911,0.83749,0.88973,0.91677,0.76238,0.76399,0.56777,0.87673,0.0003235,0.0003235,0.0003235
207,1355.28,0.57773,0.38257,0.85034,0.82974,0.90892,0.93911,0.78443,0.76878,0.55551,0.87873,0.0003202,0.0003202,0.0003202
208,1361.74,0.56368,0.37969,0.84664,0.83411,0.91182,0.93815,0.7829,0.74605,0.54292,0.87527,0.0003169,0.0003169,0.0003169
209,1368.13,0.54595,0.34074,0.82922,0.83411,0.91182,0.93815,0.7829,0.74605,0.54292,0.87527,0.0003136,0.0003136,0.0003136
210,1374.57,0.5251,0.34349,0.82986,0.83185,0.92086,0.94124,0.79659,0.73028,0.54276,0.87383,0.0003103,0.0003103,0.0003103
211,1381.04,0.50593,0.33198,0.82993,0.8301,0.91935,0.92941,0.78294,0.73058,0.55352,0.87691,0.000307,0.000307,0.000307
212,1387.51,0.60818,0.379,0.85591,0.82133,0.91942,0.86986,0.72881,0.73149,0.57121,0.88184,0.0003037,0.0003037,0.0003037
213,1394.01,0.54256,0.35144,0.8448,0.80187,0.92507,0.86558,0.72751,0.73621,0.59271,0.88623,0.0003004,0.0003004,0.0003004
214,1400.41,0.54804,0.35615,0.85017,0.80187,0.92507,0.86558,0.72751,0.73621,0.59271,0.88623,0.0002971,0.0002971,0.0002971
215,1406.86,0.54959,0.37479,0.84372,0.79677,0.93462,0.86553,0.7246,0.74645,0.59834,0.88846,0.0002938,0.0002938,0.0002938
216,1413.36,0.56314,0.37725,0.84788,0.79773,0.92054,0.86345,0.72087,0.7529,0.59728,0.88923,0.0002905,0.0002905,0.0002905
217,1419.87,0.50897,0.31466,0.82816,0.80534,0.89928,0.85571,0.71681,0.75702,0.59693,0.88873,0.0002872,0.0002872,0.0002872
218,1426.37,0.56483,0.36355,0.83225,0.80067,0.86135,0.83628,0.69339,0.76091,0.61043,0.89162,0.0002839,0.0002839,0.0002839
219,1432.86,0.53616,0.34842,0.82803,0.80067,0.86135,0.83628,0.69339,0.76091,0.61043,0.89162,0.0002806,0.0002806,0.0002806
220,1439.35,0.55502,0.35646,0.84624,0.80384,0.85723,0.88145,0.73373,0.7598,0.60436,0.89076,0.0002773,0.0002773,0.0002773
221,1445.85,0.54624,0.35451,0.83971,0.75142,0.89202,0.8828,0.73856,0.75394,0.60549,0.88943,0.000274,0.000274,0.000274
222,1452.34,0.55596,0.35974,0.84939,0.66919,0.90125,0.87449,0.73293,0.74732,0.60193,0.89132,0.0002707,0.0002707,0.0002707
223,1458.89,0.55558,0.347,0.84997,0.84612,0.79785,0.87454,0.74073,0.74338,0.59438,0.89026,0.0002674,0.0002674,0.0002674
224,1465.43,0.51144,0.34798,0.83348,0.84612,0.79785,0.87454,0.74073,0.74338,0.59438,0.89026,0.0002641,0.0002641,0.0002641
225,1471.92,0.54292,0.35749,0.85967,0.84532,0.80391,0.88295,0.74337,0.73636,0.57544,0.8899,0.0002608,0.0002608,0.0002608
226,1478.42,0.54777,0.34609,0.8355,0.71655,0.89802,0.88627,0.741,0.73697,0.55782,0.88886,0.0002575,0.0002575,0.0002575
227,1484.91,0.50975,0.33572,0.82654,0.78216,0.88071,0.88726,0.74126,0.73844,0.53815,0.88702,0.0002542,0.0002542,0.0002542
228,1491.45,0.53459,0.34131,0.8284,0.78411,0.9137,0.91589,0.7776,0.73485,0.51851,0.88297,0.0002509,0.0002509,0.0002509
229,1497.91,0.52785,0.35463,0.8357,0.78411,0.9137,0.91589,0.7776,0.73485,0.51851,0.88297,0.0002476,0.0002476,0.0002476
230,1504.41,0.50188,0.3283,0.82326,0.81391,0.90667,0.92168,0.78094,0.73765,0.51113,0.88268,0.0002443,0.0002443,0.0002443
231,1510.91,0.52523,0.3551,0.84968,0.80484,0.91158,0.92261,0.79271,0.7318,0.51575,0.88154,0.000241,0.000241,0.000241
232,1517.41,0.5586,0.37184,0.8421,0.81006,0.9123,0.9221,0.79335,0.74117,0.51255,0.88269,0.0002377,0.0002377,0.0002377
233,1523.93,0.52661,0.33817,0.83825,0.81308,0.90032,0.92667,0.79321,0.74844,0.51629,0.88345,0.0002344,0.0002344,0.0002344
234,1530.4,0.52436,0.33543,0.83992,0.81308,0.90032,0.92667,0.79321,0.74844,0.51629,0.88345,0.0002311,0.0002311,0.0002311
235,1536.91,0.53371,0.35171,0.85906,0.79465,0.91589,0.94381,0.80844,0.74117,0.5316,0.88509,0.0002278,0.0002278,0.0002278
236,1543.38,0.54107,0.33517,0.83908,0.79009,0.91346,0.94187,0.80512,0.73335,0.54361,0.88639,0.0002245,0.0002245,0.0002245
237,1549.9,0.56489,0.36737,0.84202,0.78753,0.90855,0.93504,0.8003,0.73234,0.55394,0.88701,0.0002212,0.0002212,0.0002212
238,1556.4,0.50609,0.32334,0.85053,0.7744,0.91353,0.93011,0.7942,0.7423,0.53783,0.88698,0.0002179,0.0002179,0.0002179
239,1562.84,0.51579,0.3248,0.81983,0.7744,0.91353,0.93011,0.7942,0.7423,0.53783,0.88698,0.0002146,0.0002146,0.0002146
240,1569.35,0.54615,0.35548,0.84066,0.74756,0.91606,0.92514,0.78735,0.7492,0.5556,0.88981,0.0002113,0.0002113,0.0002113
241,1575.86,0.52067,0.33245,0.81664,0.71301,0.92559,0.91751,0.7767,0.75087,0.56113,0.89047,0.000208,0.000208,0.000208
242,1582.35,0.52241,0.33812,0.83725,0.86935,0.80149,0.90512,0.76506,0.74345,0.56347,0.89047,0.0002047,0.0002047,0.0002047
243,1588.87,0.54578,0.33986,0.83158,0.86175,0.80319,0.89453,0.76161,0.73818,0.56972,0.89108,0.0002014,0.0002014,0.0002014
244,1595.3,0.49041,0.327,0.82315,0.86175,0.80319,0.89453,0.76161,0.73818,0.56972,0.89108,0.0001981,0.0001981,0.0001981
245,1601.8,0.48608,0.32605,0.82387,0.73229,0.92071,0.89637,0.74789,0.73885,0.56125,0.88989,0.0001948,0.0001948,0.0001948
246,1608.31,0.50426,0.32728,0.8333,0.77266,0.91199,0.90283,0.76158,0.73465,0.54719,0.88908,0.0001915,0.0001915,0.0001915
247,1614.8,0.54242,0.34274,0.82983,0.81446,0.90187,0.91044,0.75293,0.74276,0.53425,0.89006,0.0001882,0.0001882,0.0001882
248,1621.31,0.48658,0.33901,0.83018,0.81095,0.91333,0.91054,0.76248,0.73436,0.52867,0.88722,0.0001849,0.0001849,0.0001849
249,1627.79,0.5869,0.44947,0.87632,0.81095,0.91333,0.91054,0.76248,0.73436,0.52867,0.88722,0.0001816,0.0001816,0.0001816
250,1634.27,0.51546,0.33773,0.82838,0.8288,0.90612,0.93068,0.78528,0.73937,0.51359,0.88601,0.0001783,0.0001783,0.0001783
251,1640.77,0.49079,0.3219,0.81703,0.82884,0.92374,0.92992,0.79258,0.73201,0.49697,0.88518,0.000175,0.000175,0.000175
252,1647.23,0.4908,0.32798,0.83088,0.82727,0.93403,0.9296,0.78041,0.73321,0.49271,0.88678,0.0001717,0.0001717,0.0001717
